plat, actors, exp, start, stop, runtime
2, 2, 1, 2022-10-10T20:42:27.988834238, 2022-10-10T20:44:29.763207386, 121774
2, 2, 2, 2022-10-10T20:44:31.642215736, 2022-10-10T20:47:04.711922232, 153069
2, 2, 3, 2022-10-10T20:47:06.609507472, 2022-10-10T20:49:46.974179282, 160364
2, 2, 4, 2022-10-10T20:49:48.909821237, 2022-10-10T20:52:30.757865782, 161848
2, 2, 5, 2022-10-10T20:52:32.637770751, 2022-10-10T20:55:17.235935025, 164598
2, 2, 6, 2022-10-10T20:55:19.090591775, 2022-10-10T20:58:09.495397986, 170404
2, 2, 7, 2022-10-10T20:58:11.376389845, 2022-10-10T21:00:46.678765966, 155302
2, 2, 8, 2022-10-10T21:00:48.582019115, 2022-10-10T21:03:24.727889904, 156145
2, 2, 9, 2022-10-10T21:03:26.581108192, 2022-10-10T21:06:06.216659532, 159635
2, 2, 10, 2022-10-10T21:06:08.054238988, 2022-10-10T21:08:52.871636898, 164817
2, 2, 11, 2022-10-10T21:08:54.783321643, 2022-10-10T21:11:43.021378256, 168238
2, 2, 12, 2022-10-10T21:11:44.874889679, 2022-10-10T21:14:24.496833180, 159621
2, 2, 13, 2022-10-10T21:14:26.384854097, 2022-10-10T21:17:18.297338536, 171912
2, 2, 14, 2022-10-10T21:17:20.236831491, 2022-10-10T21:20:04.766523301, 164529
2, 2, 15, 2022-10-10T21:20:06.625396607, 2022-10-10T21:22:56.386103341, 169760
2, 2, 16, 2022-10-10T21:22:58.280811650, 2022-10-10T21:25:41.748395385, 163467
2, 2, 17, 2022-10-10T21:25:43.564678832, 2022-10-10T21:28:28.783498570, 165218
2, 2, 18, 2022-10-10T21:28:30.637165657, 2022-10-10T21:31:18.920816599, 168283
2, 2, 19, 2022-10-10T21:31:20.801581217, 2022-10-10T21:34:05.576639307, 164775
2, 2, 20, 2022-10-10T21:34:07.524851393, 2022-10-10T21:36:54.197544036, 166672
2, 2, 21, 2022-10-10T21:36:56.060016047, 2022-10-10T21:39:48.773326652, 172713
2, 2, 22, 2022-10-10T21:39:50.673277103, 2022-10-10T21:42:29.451618228, 158778
2, 2, 23, 2022-10-10T21:42:31.291174549, 2022-10-10T21:45:11.519443359, 160228
2, 2, 24, 2022-10-10T21:45:13.432062475, 2022-10-10T21:47:59.693431742, 166261
2, 2, 25, 2022-10-10T21:48:01.542710917, 2022-10-10T21:50:47.321302365, 165778
2, 2, 26, 2022-10-10T21:50:49.171597324, 2022-10-10T21:53:28.507043067, 159335
2, 2, 27, 2022-10-10T21:53:30.370232551, 2022-10-10T21:56:10.079108361, 159708
2, 2, 28, 2022-10-10T21:56:11.939314214, 2022-10-10T21:58:50.872572637, 158933
2, 2, 29, 2022-10-10T21:58:52.769658171, 2022-10-10T22:01:40.356599839, 167586
2, 2, 30, 2022-10-10T22:01:42.271567662, 2022-10-10T22:04:22.152555656, 159880
2, 2, 31, 2022-10-10T22:04:24.043977591, 2022-10-10T22:06:59.848604027, 155804
2, 2, 32, 2022-10-10T22:07:01.734504954, 2022-10-10T22:09:46.332912585, 164598
2, 2, 33, 2022-10-10T22:09:48.216312067, 2022-10-10T22:12:35.853744560, 167637
2, 2, 34, 2022-10-10T22:12:37.792836124, 2022-10-10T22:15:25.999573276, 168206
2, 2, 35, 2022-10-10T22:15:27.855744956, 2022-10-10T22:18:16.136185970, 168280
2, 2, 36, 2022-10-10T22:18:18.029697656, 2022-10-10T22:21:09.075692980, 171045
2, 2, 37, 2022-10-10T22:21:10.950791705, 2022-10-10T22:24:06.454823395, 175504
2, 2, 38, 2022-10-10T22:24:08.332726920, 2022-10-10T22:27:04.377891321, 176045
2, 2, 39, 2022-10-10T22:27:06.230965880, 2022-10-10T22:29:56.699458277, 170468
2, 2, 40, 2022-10-10T22:29:58.579297575, 2022-10-10T22:32:44.882583194, 166303
2, 2, 41, 2022-10-10T22:32:46.743733397, 2022-10-10T22:35:35.797030212, 169053
2, 2, 42, 2022-10-10T22:35:37.724880813, 2022-10-10T22:38:27.096191994, 169371
2, 2, 43, 2022-10-10T22:38:29.026024771, 2022-10-10T22:41:23.484591237, 174458
2, 2, 44, 2022-10-10T22:41:25.351869170, 2022-10-10T22:44:17.390043024, 172038
2, 2, 45, 2022-10-10T22:44:19.268256765, 2022-10-10T22:47:12.532660021, 173264
2, 2, 46, 2022-10-10T22:47:14.423801822, 2022-10-10T22:50:12.680370129, 178256
2, 2, 47, 2022-10-10T22:50:14.548300922, 2022-10-10T22:53:02.811720803, 168263
2, 2, 48, 2022-10-10T22:53:04.835697128, 2022-10-10T22:55:57.948446163, 173112
2, 2, 49, 2022-10-10T22:55:59.808232815, 2022-10-10T22:58:59.071391504, 179263
2, 2, 50, 2022-10-10T22:59:00.962466546, 2022-10-10T23:01:53.241342097, 172278
2, 2, 51, 2022-10-10T23:01:55.254527962, 2022-10-10T23:04:44.757684097, 169503
2, 2, 52, 2022-10-10T23:04:46.614558358, 2022-10-10T23:07:45.868864224, 179254
2, 2, 53, 2022-10-10T23:07:47.725443697, 2022-10-10T23:10:43.905701072, 176180
2, 2, 54, 2022-10-10T23:10:45.751836602, 2022-10-10T23:13:42.195415310, 176443
2, 2, 55, 2022-10-10T23:13:44.064910874, 2022-10-10T23:16:13.913704263, 149848
2, 2, 56, 2022-10-10T23:16:15.819219976, 2022-10-10T23:19:16.479232292, 180660
2, 2, 57, 2022-10-10T23:19:18.342049814, 2022-10-10T23:22:17.034153818, 178692
2, 2, 58, 2022-10-10T23:22:18.917417724, 2022-10-10T23:25:14.355771584, 175438
2, 2, 59, 2022-10-10T23:25:16.236625674, 2022-10-10T23:28:14.512702674, 178276
2, 2, 60, 2022-10-10T23:28:16.357399113, 2022-10-10T23:31:14.650966809, 178293
2, 2, 61, 2022-10-10T23:31:16.522850408, 2022-10-10T23:34:09.084175657, 172561
2, 2, 62, 2022-10-10T23:34:10.964112791, 2022-10-10T23:37:02.719513672, 171755
2, 2, 63, 2022-10-10T23:37:04.592038194, 2022-10-10T23:40:00.053092509, 175461
2, 2, 64, 2022-10-10T23:40:01.965554555, 2022-10-10T23:42:55.204790046, 173239
2, 2, 65, 2022-10-10T23:42:57.098846623, 2022-10-10T23:45:55.338366885, 178239
2, 2, 66, 2022-10-10T23:45:57.225280405, 2022-10-10T23:48:51.657565661, 174432
2, 2, 67, 2022-10-10T23:48:53.524496752, 2022-10-10T23:51:45.642262317, 172117
2, 2, 68, 2022-10-10T23:51:47.530245169, 2022-10-10T23:54:35.756325765, 168226
2, 2, 69, 2022-10-10T23:54:37.682922465, 2022-10-10T23:57:39.464628940, 181781
2, 2, 70, 2022-10-10T23:57:41.329528460, 2022-10-11T00:00:36.060453054, 174730
2, 2, 71, 2022-10-11T00:00:37.953181005, 2022-10-11T00:03:21.193606645, 163240
2, 2, 72, 2022-10-11T00:03:23.124163500, 2022-10-11T00:06:11.541780683, 168417
2, 2, 73, 2022-10-11T00:06:13.436649187, 2022-10-11T00:09:07.293267827, 173856
2, 2, 74, 2022-10-11T00:09:09.133957978, 2022-10-11T00:11:57.152960870, 168019
2, 2, 75, 2022-10-11T00:11:59.025074387, 2022-10-11T00:14:56.716158265, 177691
2, 2, 76, 2022-10-11T00:14:58.595942766, 2022-10-11T00:17:53.928586025, 175332
2, 2, 77, 2022-10-11T00:17:55.830650254, 2022-10-11T00:20:57.023629779, 181192
2, 2, 78, 2022-10-11T00:20:58.911435542, 2022-10-11T00:23:52.146839245, 173235
2, 2, 79, 2022-10-11T00:23:54.016455353, 2022-10-11T00:26:51.858036168, 177841
2, 2, 80, 2022-10-11T00:26:53.730295838, 2022-10-11T00:29:54.087381256, 180357
2, 2, 81, 2022-10-11T00:29:55.932244788, 2022-10-11T00:32:57.612094046, 181679
2, 2, 82, 2022-10-11T00:32:59.428984480, 2022-10-11T00:35:57.738330971, 178309
2, 2, 83, 2022-10-11T00:35:59.598009493, 2022-10-11T00:38:52.867842708, 173269
2, 2, 84, 2022-10-11T00:38:54.745588196, 2022-10-11T00:41:52.122786767, 177377
2, 2, 85, 2022-10-11T00:41:53.976686748, 2022-10-11T00:44:53.140168953, 179163
2, 2, 86, 2022-10-11T00:44:55.012877371, 2022-10-11T00:47:53.292784729, 178279
2, 2, 87, 2022-10-11T00:47:55.139682141, 2022-10-11T00:50:48.444465259, 173304
2, 2, 88, 2022-10-11T00:50:50.273889095, 2022-10-11T00:53:48.606132048, 178332
2, 2, 89, 2022-10-11T00:53:50.510291477, 2022-10-11T00:56:42.386325446, 171876
2, 2, 90, 2022-10-11T00:56:44.306677031, 2022-10-11T00:59:42.829767714, 178523
2, 2, 91, 2022-10-11T00:59:44.754858401, 2022-10-11T01:02:32.297020389, 167542
2, 2, 92, 2022-10-11T01:02:34.170098567, 2022-10-11T01:05:24.144408472, 169974
2, 2, 93, 2022-10-11T01:05:26.005460854, 2022-10-11T01:08:22.920570660, 176915
2, 2, 94, 2022-10-11T01:08:24.807172026, 2022-10-11T01:11:24.450791922, 179643
2, 2, 95, 2022-10-11T01:11:26.337738896, 2022-10-11T01:14:29.606334960, 183268
2, 2, 96, 2022-10-11T01:14:31.501833818, 2022-10-11T01:17:29.952132594, 178450
2, 2, 97, 2022-10-11T01:17:31.817989011, 2022-10-11T01:20:24.890069039, 173072
2, 2, 98, 2022-10-11T01:20:26.735896830, 2022-10-11T01:23:30.008588720, 183272
2, 2, 99, 2022-10-11T01:23:31.910412572, 2022-10-11T01:26:20.142660217, 168232
2, 2, 100, 2022-10-11T01:26:22.129166084, 2022-10-11T01:29:17.516767816, 175387
3, 2, 1, 2022-10-11T01:29:19.449390053, 2022-10-11T01:33:15.207497137, 235758
3, 2, 2, 2022-10-11T01:33:17.127276483, 2022-10-11T01:37:00.679927134, 223552
3, 2, 3, 2022-10-11T01:37:02.594842861, 2022-10-11T01:40:55.853909233, 233259
3, 2, 4, 2022-10-11T01:40:57.758154452, 2022-10-11T01:44:39.006109733, 221247
3, 2, 5, 2022-10-11T01:44:40.874014727, 2022-10-11T01:48:41.191520090, 240317
3, 2, 6, 2022-10-11T01:48:43.158368445, 2022-10-11T01:52:40.589204475, 237430
3, 2, 7, 2022-10-11T01:52:42.536053973, 2022-10-11T01:56:41.585704110, 239049
3, 2, 8, 2022-10-11T01:56:43.511423430, 2022-10-11T02:00:41.790500235, 238279
3, 2, 9, 2022-10-11T02:00:43.686494744, 2022-10-11T02:04:36.954766240, 233268
3, 2, 10, 2022-10-11T02:04:38.796173970, 2022-10-11T02:08:42.137778012, 243341
3, 2, 11, 2022-10-11T02:08:44.046130874, 2022-10-11T02:12:42.312718162, 238266
3, 2, 12, 2022-10-11T02:12:44.196302497, 2022-10-11T02:16:47.281488224, 243085
3, 2, 13, 2022-10-11T02:16:49.216938565, 2022-10-11T02:20:41.552552573, 232335
3, 2, 14, 2022-10-11T02:20:43.478969038, 2022-10-11T02:24:27.728903029, 224249
3, 2, 15, 2022-10-11T02:24:29.631224692, 2022-10-11T02:28:28.052849667, 238421
3, 2, 16, 2022-10-11T02:28:29.932633193, 2022-10-11T02:32:18.221743975, 228289
3, 2, 17, 2022-10-11T02:32:20.138719275, 2022-10-11T02:36:13.399764859, 233261
3, 2, 18, 2022-10-11T02:36:15.294001542, 2022-10-11T02:40:08.616945227, 233322
3, 2, 19, 2022-10-11T02:40:10.538110448, 2022-10-11T02:44:04.978923536, 234440
3, 2, 20, 2022-10-11T02:44:06.864526676, 2022-10-11T02:47:57.886713178, 231022
3, 2, 21, 2022-10-11T02:47:59.787692918, 2022-10-11T02:51:54.132630497, 234344
3, 2, 22, 2022-10-11T02:51:56.059879799, 2022-10-11T02:55:49.302861106, 233242
3, 2, 23, 2022-10-11T02:55:51.160436384, 2022-10-11T02:59:48.015658875, 236855
3, 2, 24, 2022-10-11T02:59:49.912488335, 2022-10-11T03:03:44.673230024, 234760
3, 2, 25, 2022-10-11T03:03:46.573343863, 2022-10-11T03:07:34.876869256, 228303
3, 2, 26, 2022-10-11T03:07:36.768695015, 2022-10-11T03:11:25.057782240, 228289
3, 2, 27, 2022-10-11T03:11:26.962142878, 2022-10-11T03:15:15.216177313, 228254
3, 2, 28, 2022-10-11T03:15:17.248782474, 2022-10-11T03:19:05.377398984, 228128
3, 2, 29, 2022-10-11T03:19:07.284260721, 2022-10-11T03:23:00.565713623, 233281
3, 2, 30, 2022-10-11T03:23:02.433314962, 2022-10-11T03:26:55.627268820, 233193
3, 2, 31, 2022-10-11T03:26:57.486889427, 2022-10-11T03:30:53.320625186, 235833
3, 2, 32, 2022-10-11T03:30:55.215219968, 2022-10-11T03:34:39.404583955, 224189
3, 2, 33, 2022-10-11T03:34:41.394583934, 2022-10-11T03:38:31.311165579, 229916
3, 2, 34, 2022-10-11T03:38:33.232960701, 2022-10-11T03:42:31.483982287, 238251
3, 2, 35, 2022-10-11T03:42:33.377468892, 2022-10-11T03:46:26.667890057, 233290
3, 2, 36, 2022-10-11T03:46:28.554678827, 2022-10-11T03:50:21.750420406, 233195
3, 2, 37, 2022-10-11T03:50:23.659815305, 2022-10-11T03:54:12.083514141, 228423
3, 2, 38, 2022-10-11T03:54:13.978440250, 2022-10-11T03:58:08.679446420, 234701
3, 2, 39, 2022-10-11T03:58:10.586888111, 2022-10-11T04:02:07.410336143, 236823
3, 2, 40, 2022-10-11T04:02:09.352962691, 2022-10-11T04:06:07.585024603, 238232
3, 2, 41, 2022-10-11T04:06:09.489402496, 2022-10-11T04:10:07.766187420, 238276
3, 2, 42, 2022-10-11T04:10:09.638094672, 2022-10-11T04:13:57.947932736, 228309
3, 2, 43, 2022-10-11T04:13:59.810887657, 2022-10-11T04:17:46.818135898, 227007
3, 2, 44, 2022-10-11T04:17:48.825440300, 2022-10-11T04:21:43.323119843, 234497
3, 2, 45, 2022-10-11T04:21:45.226660012, 2022-10-11T04:25:34.230258427, 229003
3, 2, 46, 2022-10-11T04:25:36.177436809, 2022-10-11T04:29:29.114755102, 232937
3, 2, 47, 2022-10-11T04:29:31.010111352, 2022-10-11T04:33:18.827114143, 227817
3, 2, 48, 2022-10-11T04:33:20.734649172, 2022-10-11T04:37:09.009860868, 228275
3, 2, 49, 2022-10-11T04:37:10.952154590, 2022-10-11T04:40:56.933100009, 225980
3, 2, 50, 2022-10-11T04:40:58.843250082, 2022-10-11T04:44:59.401178889, 240557
3, 2, 51, 2022-10-11T04:45:01.260618572, 2022-10-11T04:48:49.576769459, 228316
3, 2, 52, 2022-10-11T04:48:51.485603039, 2022-10-11T04:52:44.731542275, 233245
3, 2, 53, 2022-10-11T04:52:46.632260996, 2022-10-11T04:56:44.905947676, 238273
3, 2, 54, 2022-10-11T04:56:46.851962652, 2022-10-11T05:00:45.097135592, 238245
3, 2, 55, 2022-10-11T05:00:47.071094561, 2022-10-11T05:04:40.278443657, 233207
3, 2, 56, 2022-10-11T05:04:42.147896615, 2022-10-11T05:08:33.352691012, 231204
3, 2, 57, 2022-10-11T05:08:35.264002799, 2022-10-11T05:12:20.658369642, 225394
3, 2, 58, 2022-10-11T05:12:22.564377688, 2022-10-11T05:16:19.947830077, 237383
3, 2, 59, 2022-10-11T05:16:21.854623949, 2022-10-11T05:20:11.016609134, 229161
3, 2, 60, 2022-10-11T05:20:12.956908018, 2022-10-11T05:23:56.205395911, 223248
3, 2, 61, 2022-10-11T05:23:58.070235792, 2022-10-11T05:27:56.422833943, 238352
3, 2, 62, 2022-10-11T05:27:58.308794249, 2022-10-11T05:31:46.585173886, 228276
3, 2, 63, 2022-10-11T05:31:48.484384086, 2022-10-11T05:35:41.790367704, 233305
3, 2, 64, 2022-10-11T05:35:43.737832459, 2022-10-11T05:39:37.294765265, 233556
3, 2, 65, 2022-10-11T05:39:39.192038140, 2022-10-11T05:43:31.848765955, 232656
3, 2, 66, 2022-10-11T05:43:33.748903692, 2022-10-11T05:47:22.337447047, 228588
3, 2, 67, 2022-10-11T05:47:24.217464018, 2022-10-11T05:51:14.220265310, 230002
3, 2, 68, 2022-10-11T05:51:16.093972213, 2022-10-11T05:54:52.712497839, 216618
3, 2, 69, 2022-10-11T05:54:54.592662789, 2022-10-11T05:58:37.900262528, 223307
3, 2, 70, 2022-10-11T05:58:39.831692448, 2022-10-11T06:02:30.696243533, 230864
3, 2, 71, 2022-10-11T06:02:32.584323109, 2022-10-11T06:06:27.978393199, 235394
3, 2, 72, 2022-10-11T06:06:29.880215863, 2022-10-11T06:10:18.447755156, 228567
3, 2, 73, 2022-10-11T06:10:20.414050698, 2022-10-11T06:14:08.621258220, 228207
3, 2, 74, 2022-10-11T06:14:10.474769173, 2022-10-11T06:18:03.681180689, 233206
3, 2, 75, 2022-10-11T06:18:05.660165677, 2022-10-11T06:21:44.018974192, 218358
3, 2, 76, 2022-10-11T06:21:45.928689993, 2022-10-11T06:25:40.098850387, 234170
3, 2, 77, 2022-10-11T06:25:42.004360338, 2022-10-11T06:29:22.497498781, 220493
3, 2, 78, 2022-10-11T06:29:24.364860286, 2022-10-11T06:33:15.784810397, 231419
3, 2, 79, 2022-10-11T06:33:17.662308616, 2022-10-11T06:37:14.756897622, 237094
3, 2, 80, 2022-10-11T06:37:16.649552119, 2022-10-11T06:41:09.970578215, 233321
3, 2, 81, 2022-10-11T06:41:11.893412802, 2022-10-11T06:45:05.156498153, 233263
3, 2, 82, 2022-10-11T06:45:07.198001257, 2022-10-11T06:49:00.388751463, 233190
3, 2, 83, 2022-10-11T06:49:02.262404008, 2022-10-11T06:52:45.546721555, 223284
3, 2, 84, 2022-10-11T06:52:47.460006517, 2022-10-11T06:56:45.722802322, 238262
3, 2, 85, 2022-10-11T06:56:47.591728855, 2022-10-11T07:00:30.904354935, 223312
3, 2, 86, 2022-10-11T07:00:32.794835914, 2022-10-11T07:04:26.086067755, 233291
3, 2, 87, 2022-10-11T07:04:27.976238564, 2022-10-11T07:08:16.279426091, 228303
3, 2, 88, 2022-10-11T07:08:18.172238132, 2022-10-11T07:12:07.461140757, 229288
3, 2, 89, 2022-10-11T07:12:09.341107784, 2022-10-11T07:15:54.922732298, 225581
3, 2, 90, 2022-10-11T07:15:56.816759082, 2022-10-11T07:19:44.620306430, 227803
3, 2, 91, 2022-10-11T07:19:46.494425182, 2022-10-11T07:23:42.030971989, 235536
3, 2, 92, 2022-10-11T07:23:43.921110580, 2022-10-11T07:27:37.381049837, 233459
3, 2, 93, 2022-10-11T07:27:39.246879808, 2022-10-11T07:31:32.436911371, 233190
3, 2, 94, 2022-10-11T07:31:34.346416496, 2022-10-11T07:35:21.856051382, 227509
3, 2, 95, 2022-10-11T07:35:23.802967608, 2022-10-11T07:39:16.016841480, 232213
3, 2, 96, 2022-10-11T07:39:17.924686810, 2022-10-11T07:42:51.295171131, 213370
3, 2, 97, 2022-10-11T07:42:53.175173231, 2022-10-11T07:46:38.196768304, 225021
3, 2, 98, 2022-10-11T07:46:40.103248802, 2022-10-11T07:50:33.409773357, 233306
3, 2, 99, 2022-10-11T07:50:35.320484995, 2022-10-11T07:54:25.975750606, 230655
3, 2, 100, 2022-10-11T07:54:27.847378090, 2022-10-11T07:58:04.628173956, 216780
4, 2, 1, 2022-10-11T07:58:06.544288734, 2022-10-11T08:02:59.049171111, 292504
4, 2, 2, 2022-10-11T08:03:00.995608085, 2022-10-11T08:08:02.609940776, 301614
4, 2, 3, 2022-10-11T08:08:04.508171849, 2022-10-11T08:12:53.060815193, 288552
4, 2, 4, 2022-10-11T08:12:54.972183066, 2022-10-11T08:17:40.670822418, 285698
4, 2, 5, 2022-10-11T08:17:42.641885073, 2022-10-11T08:22:35.252922974, 292611
4, 2, 6, 2022-10-11T08:22:37.170940202, 2022-10-11T08:27:20.262364654, 283091
4, 2, 7, 2022-10-11T08:27:22.121819208, 2022-10-11T08:32:05.523680417, 283401
4, 2, 8, 2022-10-11T08:32:07.463224845, 2022-10-11T08:36:38.630687035, 271167
4, 2, 9, 2022-10-11T08:36:40.580604506, 2022-10-11T08:41:34.481802080, 293901
4, 2, 10, 2022-10-11T08:41:36.444447236, 2022-10-11T08:46:26.224558773, 289780
4, 2, 11, 2022-10-11T08:46:28.219797682, 2022-10-11T08:51:19.319777802, 291099
4, 2, 12, 2022-10-11T08:51:21.337680008, 2022-10-11T08:55:50.280864385, 268943
4, 2, 13, 2022-10-11T08:55:52.195643444, 2022-10-11T09:00:42.859804888, 290664
4, 2, 14, 2022-10-11T09:00:44.773319937, 2022-10-11T09:05:24.981258444, 280207
4, 2, 15, 2022-10-11T09:05:26.882915188, 2022-10-11T09:10:12.442477797, 285559
4, 2, 16, 2022-10-11T09:10:14.375094205, 2022-10-11T09:14:52.658642041, 278283
4, 2, 17, 2022-10-11T09:14:54.589309703, 2022-10-11T09:19:36.989907352, 282400
4, 2, 18, 2022-10-11T09:19:38.923785482, 2022-10-11T09:24:28.108009964, 289184
4, 2, 19, 2022-10-11T09:24:30.008336309, 2022-10-11T09:29:13.353470240, 283345
2, 2, 1, 2022-10-11T09:58:28.097039619, 2022-10-11T09:59:02.825891736, 34728
2, 2, 1, 2022-10-11T10:11:27.637701594, 2022-10-11T10:13:50.376566312, 142738
2, 2, 2, 2022-10-11T10:13:52.337333381, 2022-10-11T10:16:27.375431310, 155038
2, 2, 3, 2022-10-11T10:16:29.270535381, 2022-10-11T10:19:10.680008381, 161409
2, 2, 4, 2022-10-11T10:19:12.570106296, 2022-10-11T10:21:05.280470094, 112710
3, 2, 1, 2022-10-11T10:21:07.176642563, 2022-10-11T10:23:24.986171298, 137809
3, 2, 2, 2022-10-11T10:23:26.892687216, 2022-10-11T10:25:25.984236601, 119091
3, 2, 3, 2022-10-11T10:25:28.038654961, 2022-10-11T10:27:53.320163072, 145281
3, 2, 4, 2022-10-11T10:27:55.232265832, 2022-10-11T10:29:54.304944428, 119072
3, 2, 5, 2022-10-11T10:29:56.292212028, 2022-10-11T10:31:48.722272455, 112430
3, 2, 6, 2022-10-11T10:31:50.626585949, 2022-10-11T10:34:11.618916284, 140992
4, 2, 1, 2022-10-11T10:34:13.607494915, 2022-10-11T10:36:47.607840766, 154000
4, 2, 2, 2022-10-11T10:36:49.550932225, 2022-10-11T10:41:11.765071544, 262214
4, 2, 3, 2022-10-11T10:41:13.773885913, 2022-10-11T10:45:37.924948365, 264151
4, 2, 4, 2022-10-11T10:45:39.862144979, 2022-10-11T10:50:12.216800964, 272354
4, 2, 5, 2022-10-11T10:50:14.125341692, 2022-10-11T10:54:47.438646581, 273313
4, 2, 6, 2022-10-11T10:54:49.330768042, 2022-10-11T10:59:22.693457053, 273362
4, 2, 7, 2022-10-11T10:59:24.617879246, 2022-10-11T11:04:11.436152287, 286818
4, 2, 8, 2022-10-11T11:04:13.327765380, 2022-10-11T11:08:58.222210660, 284894
5, 2, 1, 2022-10-11T11:09:00.223121763, 2022-10-11T11:14:33.474281509, 333251
5, 2, 2, 2022-10-11T11:14:35.450507411, 2022-10-11T11:20:13.775462913, 338324
5, 2, 3, 2022-10-11T11:20:15.758898166, 2022-10-11T11:25:45.096709308, 329337
5, 2, 4, 2022-10-11T11:25:47.032177276, 2022-10-11T11:31:29.325886434, 342293
5, 2, 5, 2022-10-11T11:31:31.361137304, 2022-10-11T11:37:13.623943333, 342262
5, 2, 6, 2022-10-11T11:37:15.598703641, 2022-10-11T11:42:49.912196755, 334313
5, 2, 7, 2022-10-11T11:42:51.831963767, 2022-10-11T11:48:10.947301341, 319115
5, 2, 8, 2022-10-11T11:48:12.917216712, 2022-10-11T11:53:37.581695425, 324664
5, 2, 9, 2022-10-11T11:53:39.539067441, 2022-10-11T11:59:14.184947450, 334645
5, 2, 10, 2022-10-11T11:59:16.121912197, 2022-10-11T12:04:56.043413167, 339921
6, 2, 1, 2022-10-11T12:04:58.012982150, 2022-10-11T12:11:27.482165072, 389469
6, 2, 2, 2022-10-11T12:11:29.447376260, 2022-10-11T12:17:53.361319698, 383913
6, 2, 3, 2022-10-11T12:17:55.323208787, 2022-10-11T12:24:29.512365646, 394189
6, 2, 4, 2022-10-11T12:24:31.598436158, 2022-10-11T12:30:56.759638357, 385161
6, 2, 5, 2022-10-11T12:30:58.736969479, 2022-10-11T12:37:31.238479657, 392501
6, 2, 6, 2022-10-11T12:37:33.217184344, 2022-10-11T12:43:58.018963957, 384801
6, 2, 7, 2022-10-11T12:43:59.978176142, 2022-10-11T12:50:34.793114339, 394814
6, 2, 8, 2022-10-11T12:50:36.775621760, 2022-10-11T12:56:51.981954843, 375206
6, 2, 9, 2022-10-11T12:56:53.940625013, 2022-10-11T13:03:14.005057476, 380064
6, 2, 10, 2022-10-11T13:03:15.943996059, 2022-10-11T13:09:44.306457832, 388362
6, 2, 11, 2022-10-11T13:09:46.316663317, 2022-10-11T13:16:09.612022623, 383295
6, 2, 12, 2022-10-11T13:16:11.577494425, 2022-10-11T13:22:40.032023096, 388454
7, 2, 1, 2022-10-11T13:22:42.036354323, 2022-10-11T13:29:51.064258002, 429027
7, 2, 2, 2022-10-11T13:29:53.085105832, 2022-10-11T13:37:10.677262634, 437592
7, 2, 3, 2022-10-11T13:37:12.713302105, 2022-10-11T13:45:09.582043615, 476868
7, 2, 4, 2022-10-11T13:45:11.634891507, 2022-10-11T13:58:06.866687274, 775231
7, 2, 5, 2022-10-11T13:58:08.847017873, 2022-10-11T14:11:19.243407426, 790396
7, 2, 6, 2022-10-11T14:11:21.257494236, 2022-10-11T14:24:51.052161546, 809794
7, 2, 7, 2022-10-11T14:24:52.993546349, 2022-10-11T14:38:24.822137647, 811828
7, 2, 8, 2022-10-11T14:38:26.810948639, 2022-10-11T14:51:32.019774054, 785208
7, 2, 9, 2022-10-11T14:51:33.964540399, 2022-10-11T15:03:55.804431106, 741839
7, 2, 10, 2022-10-11T15:03:57.787596541, 2022-10-11T15:15:56.767911533, 718980
7, 2, 11, 2022-10-11T15:15:58.808993684, 2022-10-11T15:28:48.373798362, 769564
7, 2, 12, 2022-10-11T15:28:50.397504910, 2022-10-11T15:41:19.583290498, 749185
7, 2, 13, 2022-10-11T15:41:21.555709001, 2022-10-11T15:54:00.479959548, 758924
7, 2, 14, 2022-10-11T15:54:02.449267520, 2022-10-11T16:06:37.386784112, 754937
8, 2, 1, 2022-10-11T16:06:39.420721210, 2022-10-11T16:21:08.487379151, 869066
8, 2, 2, 2022-10-11T16:21:10.479621227, 2022-10-11T16:34:47.689275810, 817209
8, 2, 3, 2022-10-11T16:34:49.709028302, 2022-10-11T16:49:06.320564421, 856611
8, 2, 4, 2022-10-11T16:49:08.375558048, 2022-10-11T17:03:19.229998965, 850854
8, 2, 5, 2022-10-11T17:03:21.233688523, 2022-10-11T17:17:01.999271703, 820765
8, 2, 6, 2022-10-11T17:17:04.018083801, 2022-10-11T17:31:31.465125962, 867447
8, 2, 7, 2022-10-11T17:31:33.483662019, 2022-10-11T17:45:59.313251276, 865829
8, 2, 8, 2022-10-11T17:46:01.366907655, 2022-10-11T17:59:38.540222159, 817173
8, 2, 9, 2022-10-11T17:59:40.547575116, 2022-10-11T18:14:03.206451432, 862658
8, 2, 10, 2022-10-11T18:14:05.204770517, 2022-10-11T18:28:28.403291549, 863198
8, 2, 11, 2022-10-11T18:28:30.421110837, 2022-10-11T18:42:45.640882809, 855219
8, 2, 12, 2022-10-11T18:42:47.685692957, 2022-10-11T18:57:15.815940028, 868130
8, 2, 13, 2022-10-11T18:57:17.828927035, 2022-10-11T19:11:51.161993754, 873333
8, 2, 14, 2022-10-11T19:11:53.121838674, 2022-10-11T19:25:37.486738352, 824364
8, 2, 15, 2022-10-11T19:25:39.474527795, 2022-10-11T19:39:04.840936164, 805366
8, 2, 16, 2022-10-11T19:39:06.846642825, 2022-10-11T19:53:32.008429453, 865161
2, 3, 1, 2022-10-11T19:53:33.874471242, 2022-10-11T19:57:41.270667576, 247396
2, 3, 2, 2022-10-11T19:57:43.187470818, 2022-10-11T20:02:38.444294110, 295256
2, 3, 3, 2022-10-11T20:02:40.430411155, 2022-10-11T20:07:18.707545513, 278277
2, 3, 4, 2022-10-11T20:07:20.613050588, 2022-10-11T20:12:30.615227814, 310002
2, 3, 5, 2022-10-11T20:12:32.592897770, 2022-10-11T20:16:38.762862449, 246169
2, 3, 6, 2022-10-11T20:16:40.646745322, 2022-10-11T20:21:01.833500824, 261186
3, 3, 1, 2022-10-11T20:21:03.849731955, 2022-10-11T20:27:39.631475124, 395781
3, 3, 2, 2022-10-11T20:27:41.657945073, 2022-10-11T20:34:39.046645875, 417388
3, 3, 3, 2022-10-11T20:34:40.982063925, 2022-10-11T20:40:35.871176532, 354889
3, 3, 4, 2022-10-11T20:40:37.823030797, 2022-10-11T20:46:47.120392355, 369297
3, 3, 5, 2022-10-11T20:46:49.063137165, 2022-10-11T20:53:24.648694710, 395585
3, 3, 6, 2022-10-11T20:53:26.586681182, 2022-10-11T21:00:03.088819639, 396502
3, 3, 7, 2022-10-11T21:00:04.991973205, 2022-10-11T21:07:12.363718521, 427371
3, 3, 8, 2022-10-11T21:07:14.317121719, 2022-10-11T21:14:16.714448222, 422397
3, 3, 9, 2022-10-11T21:14:18.702488458, 2022-10-11T21:20:56.074705367, 397372
4, 3, 1, 2022-10-11T21:20:58.071943767, 2022-10-11T21:28:49.163532443, 471091
4, 3, 2, 2022-10-11T21:28:51.159244508, 2022-10-11T21:37:46.885125979, 535725
4, 3, 3, 2022-10-11T21:37:48.873644881, 2022-10-11T21:46:39.654139665, 530780
4, 3, 4, 2022-10-11T21:46:41.652749308, 2022-10-11T21:55:01.125703545, 499472
4, 3, 5, 2022-10-11T21:55:03.093187395, 2022-10-11T22:03:49.064447945, 525971
4, 3, 6, 2022-10-11T22:03:51.088644712, 2022-10-11T22:12:42.912166739, 531823
4, 3, 7, 2022-10-11T22:12:44.965518583, 2022-10-11T22:21:35.371573502, 530406
4, 3, 8, 2022-10-11T22:21:37.405494663, 2022-10-11T22:30:20.759852486, 523354
4, 3, 9, 2022-10-11T22:30:22.798571813, 2022-10-11T22:38:59.031728092, 516233
4, 3, 10, 2022-10-11T22:39:01.063135932, 2022-10-11T22:48:29.594870319, 568531
4, 3, 11, 2022-10-11T22:48:31.504521350, 2022-10-11T22:57:10.839522169, 519335
4, 3, 12, 2022-10-11T22:57:12.901056605, 2022-10-11T23:06:06.975378944, 534074
5, 3, 1, 2022-10-11T23:06:09.101254527, 2022-10-11T23:17:06.929370122, 657828
5, 3, 2, 2022-10-11T23:17:09.039357332, 2022-10-11T23:28:48.036790609, 698997
5, 3, 3, 2022-10-11T23:28:50.131292838, 2022-10-11T23:40:02.032587734, 671901
5, 3, 4, 2022-10-11T23:40:04.083604967, 2022-10-11T23:51:23.660711857, 679577
5, 3, 5, 2022-10-11T23:51:25.693090923, 2022-10-12T00:02:54.044751937, 688351
5, 3, 6, 2022-10-12T00:02:56.125029421, 2022-10-12T00:14:41.864694471, 705739
5, 3, 7, 2022-10-12T00:14:43.944268814, 2022-10-12T00:25:59.031499170, 675087
5, 3, 8, 2022-10-12T00:26:01.088731878, 2022-10-12T00:37:55.694159875, 714605
5, 3, 9, 2022-10-12T00:37:57.769728264, 2022-10-12T00:49:12.888964088, 675119
5, 3, 10, 2022-10-12T00:49:14.936438702, 2022-10-12T01:00:06.590371680, 651653
5, 3, 11, 2022-10-12T01:00:08.658497681, 2022-10-12T01:11:22.123899672, 673465
5, 3, 12, 2022-10-12T01:11:24.190124427, 2022-10-12T01:22:58.625467662, 694435
5, 3, 13, 2022-10-12T01:23:00.644109010, 2022-10-12T01:33:48.153675764, 647509
5, 3, 14, 2022-10-12T01:33:50.278153612, 2022-10-12T01:45:08.763325450, 678485
5, 3, 15, 2022-10-12T01:45:10.835360046, 2022-10-12T01:55:48.620168798, 637784
6, 3, 1, 2022-10-12T01:55:50.689971162, 2022-10-12T02:09:15.536829132, 804846
6, 3, 2, 2022-10-12T02:09:17.659873245, 2022-10-12T02:22:02.072729347, 764412
6, 3, 3, 2022-10-12T02:22:04.217457329, 2022-10-12T02:35:29.413806129, 805196
6, 3, 4, 2022-10-12T02:35:31.530115228, 2022-10-12T02:48:29.916167688, 778386
6, 3, 5, 2022-10-12T02:48:32.000424387, 2022-10-12T03:01:55.269539211, 803269
6, 3, 6, 2022-10-12T03:01:57.325336878, 2022-10-12T03:15:13.428675277, 796103
6, 3, 7, 2022-10-12T03:15:15.580756791, 2022-10-12T03:28:29.515837432, 793935
6, 3, 8, 2022-10-12T03:28:31.609618491, 2022-10-12T03:40:55.404394215, 743794
6, 3, 9, 2022-10-12T03:40:57.496175687, 2022-10-12T03:54:04.943520929, 787447
6, 3, 10, 2022-10-12T03:54:07.063140436, 2022-10-12T04:06:20.174488620, 733111
6, 3, 11, 2022-10-12T04:06:22.240120678, 2022-10-12T04:18:14.616433132, 712376
6, 3, 12, 2022-10-12T04:18:16.708661883, 2022-10-12T04:31:13.164530123, 776455
6, 3, 13, 2022-10-12T04:31:15.301252404, 2022-10-12T04:43:32.520784194, 737219
6, 3, 14, 2022-10-12T04:43:34.622208544, 2022-10-12T04:56:33.265851228, 778643
6, 3, 15, 2022-10-12T04:56:35.324067380, 2022-10-12T05:08:46.027177522, 730703
6, 3, 16, 2022-10-12T05:08:48.115311458, 2022-10-12T05:21:50.890638834, 782775
6, 3, 17, 2022-10-12T05:21:52.975810440, 2022-10-12T05:34:38.348541733, 765372
6, 3, 18, 2022-10-12T05:34:40.479262863, 2022-10-12T05:47:52.280879737, 791801
7, 3, 1, 2022-10-12T05:47:54.412795731, 2022-10-12T06:02:41.057718668, 886644
7, 3, 2, 2022-10-12T06:02:43.164801024, 2022-10-12T06:16:40.751011174, 837586
7, 3, 3, 2022-10-12T06:16:42.901512354, 2022-10-12T06:31:11.742422316, 868840
7, 3, 4, 2022-10-12T06:31:13.937695554, 2022-10-12T06:46:15.055100119, 901117
7, 3, 5, 2022-10-12T06:46:17.284468766, 2022-10-12T07:00:25.171273312, 847886
7, 3, 6, 2022-10-12T07:00:27.290261229, 2022-10-12T07:13:56.537806325, 809247
7, 3, 7, 2022-10-12T07:13:58.676258305, 2022-10-12T07:27:07.780540095, 789104
7, 3, 8, 2022-10-12T07:27:10.025326723, 2022-10-12T07:41:53.543396230, 883518
7, 3, 9, 2022-10-12T07:41:55.637140943, 2022-10-12T07:56:42.757583348, 887120
7, 3, 10, 2022-10-12T07:56:44.933888416, 2022-10-12T08:11:02.110593290, 857176
7, 3, 11, 2022-10-12T08:11:04.231192855, 2022-10-12T08:25:05.160595505, 840929
7, 3, 12, 2022-10-12T08:25:07.307573945, 2022-10-12T08:40:01.998527808, 894690
7, 3, 13, 2022-10-12T08:40:04.212046244, 2022-10-12T08:54:28.965822104, 864753
7, 3, 14, 2022-10-12T08:54:31.084741527, 2022-10-12T09:08:40.927225678, 849842
7, 3, 15, 2022-10-12T09:08:43.081811155, 2022-10-12T09:22:38.536392592, 835454
7, 3, 16, 2022-10-12T09:22:40.679802860, 2022-10-12T09:36:53.846060333, 853166
7, 3, 17, 2022-10-12T09:36:56.020351409, 2022-10-12T09:50:23.165409330, 807145
7, 3, 18, 2022-10-12T09:50:25.363266979, 2022-10-12T10:04:42.379703277, 857016
7, 3, 19, 2022-10-12T10:04:44.520937955, 2022-10-12T10:18:54.409014925, 849888
7, 3, 20, 2022-10-12T10:18:56.550258494, 2022-10-12T10:32:54.135328185, 837585
7, 3, 21, 2022-10-12T10:32:56.294985244, 2022-10-12T10:46:40.599876813, 824304
8, 3, 1, 2022-10-12T10:46:42.851525821, 2022-10-12T11:02:43.727747275, 960876
8, 3, 2, 2022-10-12T11:02:45.881803731, 2022-10-12T11:18:19.554365040, 933672
8, 3, 3, 2022-10-12T11:18:21.731410309, 2022-10-12T11:33:52.118269548, 930386
8, 3, 4, 2022-10-12T11:33:54.315494640, 2022-10-12T11:48:15.758442160, 861442
8, 3, 5, 2022-10-12T11:48:17.980469106, 2022-10-12T12:04:22.724354912, 964743
8, 3, 6, 2022-10-12T12:04:24.938462985, 2022-10-12T12:20:24.295641488, 959357
8, 3, 7, 2022-10-12T12:20:26.486894301, 2022-10-12T12:36:09.869708542, 943382
8, 3, 8, 2022-10-12T12:36:12.036018523, 2022-10-12T12:51:22.901644761, 910865
8, 3, 9, 2022-10-12T12:51:25.082233995, 2022-10-12T13:06:42.549735974, 917467
8, 3, 10, 2022-10-12T13:06:44.728132064, 2022-10-12T13:22:05.557005316, 920828
8, 3, 11, 2022-10-12T13:22:07.747423325, 2022-10-12T13:37:05.701768708, 897954
8, 3, 12, 2022-10-12T13:37:07.929357955, 2022-10-12T13:51:53.251067560, 885321
8, 3, 13, 2022-10-12T13:51:55.447715967, 2022-10-12T14:06:16.143027693, 860695
8, 3, 14, 2022-10-12T14:06:18.297737618, 2022-10-12T14:20:50.317165530, 872019
8, 3, 15, 2022-10-12T14:20:52.571475948, 2022-10-12T14:35:12.536301549, 859964
8, 3, 16, 2022-10-12T14:35:14.695011361, 2022-10-12T14:50:03.350111776, 888655
8, 3, 17, 2022-10-12T14:50:05.475015574, 2022-10-12T15:04:55.974991295, 890499
8, 3, 18, 2022-10-12T15:04:58.124393536, 2022-10-12T15:19:39.162821566, 881038
8, 3, 19, 2022-10-12T15:19:41.353631061, 2022-10-12T15:33:55.831354425, 854477
8, 3, 20, 2022-10-12T15:33:58.024147281, 2022-10-12T15:48:22.404019286, 864379
8, 3, 21, 2022-10-12T15:48:24.585330933, 2022-10-12T16:03:07.203047082, 882617
8, 3, 22, 2022-10-12T16:03:09.388681307, 2022-10-12T16:17:06.697188058, 837308
8, 3, 23, 2022-10-12T16:17:08.903461896, 2022-10-12T16:31:31.702513137, 862799
8, 3, 24, 2022-10-12T16:31:33.879058064, 2022-10-12T16:45:12.093835405, 818214
2, 4, 1, 2022-10-12T16:45:14.091161923, 2022-10-12T16:49:44.991345036, 270900
2, 4, 2, 2022-10-12T16:49:46.994679078, 2022-10-12T16:54:28.389163808, 281394
2, 4, 3, 2022-10-12T16:54:30.415680991, 2022-10-12T16:58:33.738963087, 243323
2, 4, 4, 2022-10-12T16:58:35.744545407, 2022-10-12T17:03:09.561335838, 273816
2, 4, 5, 2022-10-12T17:03:11.522586718, 2022-10-12T17:07:48.966720924, 277444
2, 4, 6, 2022-10-12T17:07:50.922516143, 2022-10-12T17:12:25.188062226, 274265
2, 4, 7, 2022-10-12T17:12:27.234493772, 2022-10-12T17:17:10.103426651, 282868
2, 4, 8, 2022-10-12T17:17:12.131535685, 2022-10-12T17:21:35.577511622, 263445
3, 4, 1, 2022-10-12T17:21:37.697498992, 2022-10-12T17:28:07.694018565, 389996
3, 4, 2, 2022-10-12T17:28:09.809995867, 2022-10-12T17:34:37.087548318, 387277
3, 4, 3, 2022-10-12T17:34:39.125597456, 2022-10-12T17:40:53.998900798, 374873
3, 4, 4, 2022-10-12T17:40:56.051897784, 2022-10-12T17:46:54.697320504, 358645
3, 4, 5, 2022-10-12T17:46:56.748904408, 2022-10-12T17:53:24.845216553, 388096
3, 4, 6, 2022-10-12T17:53:26.944009261, 2022-10-12T17:59:52.334054360, 385390
3, 4, 7, 2022-10-12T17:59:54.570204561, 2022-10-12T18:06:09.181029958, 374610
3, 4, 8, 2022-10-12T18:06:11.196529181, 2022-10-12T18:12:13.581524229, 362384
3, 4, 9, 2022-10-12T18:12:15.700526441, 2022-10-12T18:17:56.885951736, 341185
3, 4, 10, 2022-10-12T18:17:58.951647008, 2022-10-12T18:24:00.126102460, 361174
3, 4, 11, 2022-10-12T18:24:02.225050868, 2022-10-12T18:30:31.906697306, 389681
3, 4, 12, 2022-10-12T18:30:33.954321662, 2022-10-12T18:36:52.963794426, 379009
4, 4, 1, 2022-10-12T18:36:55.137545762, 2022-10-12T18:44:22.814721314, 447677
4, 4, 2, 2022-10-12T18:44:24.986906514, 2022-10-12T18:52:41.318217311, 496331
4, 4, 3, 2022-10-12T18:52:43.536375040, 2022-10-12T19:00:45.111787607, 481575
4, 4, 4, 2022-10-12T19:00:47.339636514, 2022-10-12T19:08:59.543339672, 492203
4, 4, 5, 2022-10-12T19:09:01.745597316, 2022-10-12T19:17:31.786651210, 510041
4, 4, 6, 2022-10-12T19:17:33.942803588, 2022-10-12T19:24:21.017494609, 407074
4, 4, 7, 2022-10-12T19:24:23.136962135, 2022-10-12T19:32:29.952814448, 486815
4, 4, 8, 2022-10-12T19:32:32.170937976, 2022-10-12T19:40:18.684580839, 466513
4, 4, 9, 2022-10-12T19:40:20.885338395, 2022-10-12T19:48:26.141994758, 485256
4, 4, 10, 2022-10-12T19:48:28.446563073, 2022-10-12T19:56:50.685011893, 502238
4, 4, 11, 2022-10-12T19:56:52.787003654, 2022-10-12T20:04:19.353052297, 446566
4, 4, 12, 2022-10-12T20:04:21.463667605, 2022-10-12T20:12:05.659843963, 464196
4, 4, 13, 2022-10-12T20:12:07.804413377, 2022-10-12T20:19:27.399532501, 439595
4, 4, 14, 2022-10-12T20:19:29.501268322, 2022-10-12T20:26:36.642260853, 427140
4, 4, 15, 2022-10-12T20:26:38.815816061, 2022-10-12T20:34:13.960023605, 455144
4, 4, 16, 2022-10-12T20:34:16.147700274, 2022-10-12T20:42:14.575444994, 478427
5, 4, 1, 2022-10-12T20:42:17.020963895, 2022-10-12T20:51:51.208636857, 574187
5, 4, 2, 2022-10-12T20:51:53.489858923, 2022-10-12T21:00:44.543895298, 531054
5, 4, 3, 2022-10-12T21:00:46.873444350, 2022-10-12T21:10:58.801422283, 611927
5, 4, 4, 2022-10-12T21:11:01.097367030, 2022-10-12T21:21:29.112479090, 628015
5, 4, 5, 2022-10-12T21:21:31.395379490, 2022-10-12T21:32:25.255060540, 653859
5, 4, 6, 2022-10-12T21:32:27.523432084, 2022-10-12T21:43:13.043772402, 645520
5, 4, 7, 2022-10-12T21:43:15.372661204, 2022-10-12T21:54:20.070246384, 664697
5, 4, 8, 2022-10-12T21:54:22.237931710, 2022-10-12T22:05:52.401524801, 690163
5, 4, 9, 2022-10-12T22:05:54.735881825, 2022-10-12T22:16:37.655973811, 642920
5, 4, 10, 2022-10-12T22:16:39.858590921, 2022-10-12T22:26:47.096496510, 607237
5, 4, 11, 2022-10-12T22:26:49.356406305, 2022-10-12T22:37:58.378863242, 669022
5, 4, 12, 2022-10-12T22:38:00.609137354, 2022-10-12T22:49:09.398302535, 668789
5, 4, 13, 2022-10-12T22:49:11.556470692, 2022-10-12T23:00:00.410958737, 648854
5, 4, 14, 2022-10-12T23:00:02.640517968, 2022-10-12T23:11:09.724867123, 667084
5, 4, 15, 2022-10-12T23:11:11.994888093, 2022-10-12T23:22:09.563693890, 657568
5, 4, 16, 2022-10-12T23:22:11.900556608, 2022-10-12T23:33:33.553155776, 681652
5, 4, 17, 2022-10-12T23:33:35.921384984, 2022-10-12T23:45:13.485091717, 697563
5, 4, 18, 2022-10-12T23:45:15.774199613, 2022-10-12T23:56:45.533863174, 689759
5, 4, 19, 2022-10-12T23:56:47.844484742, 2022-10-13T00:08:09.260071581, 681415
5, 4, 20, 2022-10-13T00:08:11.460999052, 2022-10-13T00:19:17.069793157, 665608
6, 4, 1, 2022-10-13T00:19:19.433342760, 2022-10-13T00:32:26.396146637, 786962
6, 4, 2, 2022-10-13T00:32:28.874441482, 2022-10-13T00:45:13.523255924, 764648
6, 4, 3, 2022-10-13T00:45:15.865079252, 2022-10-13T00:58:50.228935514, 814363
6, 4, 4, 2022-10-13T00:58:52.743804676, 2022-10-13T01:11:51.480434801, 778736
6, 4, 5, 2022-10-13T01:11:53.781472857, 2022-10-13T01:25:37.269345387, 823487
6, 4, 6, 2022-10-13T01:25:39.824744466, 2022-10-13T01:39:32.387097308, 832562
6, 4, 7, 2022-10-13T01:39:34.746300518, 2022-10-13T01:53:02.968398798, 808222
6, 4, 8, 2022-10-13T01:53:05.402952083, 2022-10-13T02:05:58.741941190, 773338
6, 4, 9, 2022-10-13T02:06:01.311273864, 2022-10-13T02:19:35.071116908, 813759
6, 4, 10, 2022-10-13T02:19:37.461241123, 2022-10-13T02:32:35.832555328, 778371
6, 4, 11, 2022-10-13T02:32:38.297162887, 2022-10-13T02:44:42.063166894, 723766
6, 4, 12, 2022-10-13T02:44:44.437594566, 2022-10-13T02:57:31.178512115, 766740
6, 4, 13, 2022-10-13T02:57:33.637696614, 2022-10-13T03:10:22.875792129, 769238
6, 4, 14, 2022-10-13T03:10:25.347068623, 2022-10-13T03:22:59.551684339, 754204
6, 4, 15, 2022-10-13T03:23:02.138654774, 2022-10-13T03:35:49.348648387, 767209
6, 4, 16, 2022-10-13T03:35:51.662699826, 2022-10-13T03:49:12.422585386, 800759
6, 4, 17, 2022-10-13T03:49:14.832002467, 2022-10-13T04:02:36.998202906, 802166
6, 4, 18, 2022-10-13T04:02:39.330572854, 2022-10-13T04:15:11.968885456, 752638
6, 4, 19, 2022-10-13T04:15:14.357980937, 2022-10-13T04:28:08.328645108, 773970
6, 4, 20, 2022-10-13T04:28:10.774355036, 2022-10-13T04:40:45.597920839, 754823
6, 4, 21, 2022-10-13T04:40:47.889463870, 2022-10-13T04:54:02.270501518, 794381
6, 4, 22, 2022-10-13T04:54:04.700201277, 2022-10-13T05:06:32.216144576, 747515
6, 4, 23, 2022-10-13T05:06:34.725230656, 2022-10-13T05:19:19.180004660, 764454
6, 4, 24, 2022-10-13T05:19:21.494436928, 2022-10-13T05:32:24.223772995, 782729
7, 4, 1, 2022-10-13T05:32:26.961038386, 2022-10-13T05:47:16.493080849, 889532
7, 4, 2, 2022-10-13T05:47:19.133379004, 2022-10-13T06:02:31.295105539, 912161
7, 4, 3, 2022-10-13T06:02:33.807122811, 2022-10-13T06:17:35.086883190, 901279
7, 4, 4, 2022-10-13T06:17:37.496370236, 2022-10-13T06:32:06.320415763, 868824
7, 4, 5, 2022-10-13T06:32:08.929922570, 2022-10-13T06:47:10.645750224, 901715
7, 4, 6, 2022-10-13T06:47:13.327819316, 2022-10-13T07:01:05.220310108, 831892
7, 4, 7, 2022-10-13T07:01:07.834486966, 2022-10-13T07:15:30.995279456, 863160
7, 4, 8, 2022-10-13T07:15:33.678009511, 2022-10-13T07:30:30.039081695, 896361
7, 4, 9, 2022-10-13T07:30:32.682109911, 2022-10-13T07:45:10.763796312, 878081
7, 4, 10, 2022-10-13T07:45:13.417945358, 2022-10-13T07:59:54.160684633, 880742
7, 4, 11, 2022-10-13T07:59:56.690589892, 2022-10-13T08:14:00.890071613, 844199
7, 4, 12, 2022-10-13T08:14:03.576709115, 2022-10-13T08:27:44.919796444, 821343
7, 4, 13, 2022-10-13T08:27:47.309835698, 2022-10-13T08:42:05.444999382, 858135
7, 4, 14, 2022-10-13T08:42:08.012648852, 2022-10-13T08:56:18.681870377, 850669
7, 4, 15, 2022-10-13T08:56:21.235522980, 2022-10-13T09:10:10.469599488, 829234
7, 4, 16, 2022-10-13T09:10:13.197397091, 2022-10-13T09:24:47.632537404, 874435
7, 4, 17, 2022-10-13T09:24:50.080939091, 2022-10-13T09:37:42.903028298, 772822
7, 4, 18, 2022-10-13T09:37:45.778164650, 2022-10-13T09:45:57.040996508, 491262
7, 4, 19, 2022-10-13T09:45:59.509127967, 2022-10-13T09:53:10.094454299, 430585
7, 4, 20, 2022-10-13T09:53:12.802738584, 2022-10-13T09:59:38.611044072, 385808
7, 4, 21, 2022-10-13T09:59:41.010593216, 2022-10-13T10:06:44.417302331, 423406
7, 4, 22, 2022-10-13T10:06:46.974502881, 2022-10-13T10:13:51.476259276, 424501
7, 4, 23, 2022-10-13T10:13:53.818819975, 2022-10-13T10:20:51.029490592, 417210
7, 4, 24, 2022-10-13T10:20:53.872883169, 2022-10-13T10:27:44.042492310, 410169
7, 4, 25, 2022-10-13T10:27:46.445300723, 2022-10-13T10:33:40.882390520, 354437
7, 4, 26, 2022-10-13T10:33:43.959229505, 2022-10-13T10:41:02.428531226, 438469
7, 4, 27, 2022-10-13T10:41:04.998927671, 2022-10-13T10:48:29.341947584, 444343
7, 4, 28, 2022-10-13T10:48:31.993067167, 2022-10-13T10:55:58.111404436, 446118
8, 4, 1, 2022-10-13T10:56:01.306319656, 2022-10-13T11:04:45.710378759, 524404
8, 4, 2, 2022-10-13T11:04:48.249885776, 2022-10-13T11:20:09.897233803, 921647
8, 4, 3, 2022-10-13T11:20:12.551221798, 2022-10-13T11:35:36.622265544, 924071
8, 4, 4, 2022-10-13T11:35:39.330602022, 2022-10-13T11:50:47.207363613, 907876
8, 4, 5, 2022-10-13T11:50:49.940294755, 2022-10-13T12:06:19.451722001, 929511
8, 4, 6, 2022-10-13T12:06:22.073929, 2022-10-13T12:21:54.104794330, 932030
8, 4, 7, 2022-10-13T12:21:56.645368802, 2022-10-13T12:37:24.206331946, 927560
8, 4, 8, 2022-10-13T12:37:27.015305405, 2022-10-13T12:51:52.228610877, 865213
8, 4, 9, 2022-10-13T12:51:54.863678698, 2022-10-13T13:06:57.538318387, 902674
8, 4, 10, 2022-10-13T13:07:00.233374919, 2022-10-13T13:22:10.110302882, 909876
8, 4, 11, 2022-10-13T13:22:12.936751788, 2022-10-13T13:37:29.296990014, 916360
8, 4, 12, 2022-10-13T13:37:32.439035543, 2022-10-13T13:52:38.326399107, 905887
8, 4, 13, 2022-10-13T13:52:41.264670021, 2022-10-13T14:06:39.434011225, 838169
8, 4, 14, 2022-10-13T14:06:42.207947220, 2022-10-13T14:21:54.226165122, 912018
8, 4, 15, 2022-10-13T14:21:56.816780672, 2022-10-13T14:36:06.832458869, 850015
8, 4, 16, 2022-10-13T14:36:09.793638293, 2022-10-13T14:51:28.039073948, 918245
8, 4, 17, 2022-10-13T14:51:31.016629326, 2022-10-13T15:06:29.239554176, 898222
8, 4, 18, 2022-10-13T15:06:31.842648300, 2022-10-13T15:21:07.975136809, 876132
8, 4, 19, 2022-10-13T15:21:10.865272253, 2022-10-13T15:35:00.515688068, 829650
8, 4, 20, 2022-10-13T15:35:03.504271016, 2022-10-13T15:49:54.645409155, 891141
8, 4, 21, 2022-10-13T15:49:57.470931592, 2022-10-13T16:03:31.520890532, 814049
8, 4, 22, 2022-10-13T16:03:33.924761458, 2022-10-13T16:17:45.229086358, 851304
8, 4, 23, 2022-10-13T16:17:48.001675766, 2022-10-13T16:31:55.869908063, 847868
8, 4, 24, 2022-10-13T16:31:58.934838792, 2022-10-13T16:46:45.075670832, 886140
8, 4, 25, 2022-10-13T16:46:47.697825121, 2022-10-13T17:00:58.950357581, 851252
8, 4, 26, 2022-10-13T17:01:01.676853627, 2022-10-13T17:15:42.418518730, 880741
8, 4, 27, 2022-10-13T17:15:45.046681541, 2022-10-13T17:28:54.639935506, 789593
8, 4, 28, 2022-10-13T17:28:57.438615455, 2022-10-13T17:43:41.375530826, 883936
8, 4, 29, 2022-10-13T17:43:44.815922482, 2022-10-13T17:58:43.267833973, 898451
8, 4, 30, 2022-10-13T17:58:45.995521117, 2022-10-13T18:13:01.688108875, 855692
8, 4, 31, 2022-10-13T18:13:04.708314751, 2022-10-13T18:27:17.934514005, 853226
8, 4, 32, 2022-10-13T18:27:20.703328469, 2022-10-13T18:42:18.981992125, 898278
2, 5, 1, 2022-10-13T18:42:20.969451281, 2022-10-13T18:47:18.332805336, 297363
2, 5, 2, 2022-10-13T18:47:20.362358464, 2022-10-13T18:51:57.374649243, 277012
2, 5, 3, 2022-10-13T18:51:59.428715747, 2022-10-13T18:57:03.748803080, 304320
2, 5, 4, 2022-10-13T18:57:05.821293136, 2022-10-13T19:02:13.591116104, 307769
2, 5, 5, 2022-10-13T19:02:15.605810579, 2022-10-13T19:07:20.207598531, 304601
2, 5, 6, 2022-10-13T19:07:22.201878625, 2022-10-13T19:11:43.598857424, 261396
2, 5, 7, 2022-10-13T19:11:45.653033855, 2022-10-13T19:16:49.645195660, 303992
2, 5, 8, 2022-10-13T19:16:51.637915493, 2022-10-13T19:21:25.037704871, 273399
2, 5, 9, 2022-10-13T19:21:27.035833420, 2022-10-13T19:26:29.899307708, 302863
2, 5, 10, 2022-10-13T19:26:31.906624096, 2022-10-13T19:31:17.310867046, 285404
3, 5, 1, 2022-10-13T19:31:19.510283858, 2022-10-13T19:38:01.405137621, 401894
3, 5, 2, 2022-10-13T19:38:03.652991274, 2022-10-13T19:44:23.320454682, 379667
3, 5, 3, 2022-10-13T19:44:25.497794676, 2022-10-13T19:50:59.161764194, 393663
3, 5, 4, 2022-10-13T19:51:01.272468940, 2022-10-13T19:57:47.195299496, 405922
3, 5, 5, 2022-10-13T19:57:49.270425960, 2022-10-13T20:04:20.381653246, 391111
3, 5, 6, 2022-10-13T20:04:22.566971429, 2022-10-13T20:10:56.498972774, 393932
3, 5, 7, 2022-10-13T20:10:58.858739410, 2022-10-13T20:17:25.032670501, 386173
3, 5, 8, 2022-10-13T20:17:27.507793642, 2022-10-13T20:24:28.296846874, 420789
3, 5, 9, 2022-10-13T20:24:30.448196225, 2022-10-13T20:31:08.022275185, 397574
3, 5, 10, 2022-10-13T20:31:10.190997605, 2022-10-13T20:38:01.111181386, 410920
3, 5, 11, 2022-10-13T20:38:03.335277852, 2022-10-13T20:45:02.548350052, 419213
3, 5, 12, 2022-10-13T20:45:04.833058696, 2022-10-13T20:51:16.074094852, 371241
3, 5, 13, 2022-10-13T20:51:18.320861035, 2022-10-13T20:58:22.056580865, 423735
3, 5, 14, 2022-10-13T20:58:24.312218971, 2022-10-13T21:05:33.191823715, 428879
3, 5, 15, 2022-10-13T21:05:35.480830955, 2022-10-13T21:12:36.189566662, 420708
4, 5, 1, 2022-10-13T21:12:38.516051607, 2022-10-13T21:21:36.524978628, 538008
4, 5, 2, 2022-10-13T21:21:38.977770754, 2022-10-13T21:30:27.741211705, 528763
4, 5, 3, 2022-10-13T21:30:30.212819649, 2022-10-13T21:39:21.173646088, 530960
4, 5, 4, 2022-10-13T21:39:23.522750873, 2022-10-13T21:48:17.299896277, 533777
4, 5, 5, 2022-10-13T21:48:19.777182549, 2022-10-13T21:57:13.333312237, 533556
4, 5, 6, 2022-10-13T21:57:15.597054205, 2022-10-13T22:06:19.954664723, 544357
4, 5, 7, 2022-10-13T22:06:22.544382311, 2022-10-13T22:15:31.071266817, 548526
4, 5, 8, 2022-10-13T22:15:33.383428353, 2022-10-13T22:24:43.082487112, 549699
4, 5, 9, 2022-10-13T22:24:45.350738433, 2022-10-13T22:34:06.170874693, 560820
4, 5, 10, 2022-10-13T22:34:08.521391697, 2022-10-13T22:43:02.735312989, 534213
4, 5, 11, 2022-10-13T22:43:05.359142917, 2022-10-13T22:52:22.683253158, 557324
4, 5, 12, 2022-10-13T22:52:24.934727487, 2022-10-13T23:00:34.715927628, 489781
4, 5, 13, 2022-10-13T23:00:37.144067937, 2022-10-13T23:10:11.755791589, 574611
4, 5, 14, 2022-10-13T23:10:14.099084142, 2022-10-13T23:19:37.147190135, 563048
4, 5, 15, 2022-10-13T23:19:39.551343752, 2022-10-13T23:28:44.235614962, 544684
4, 5, 16, 2022-10-13T23:28:46.581334259, 2022-10-13T23:38:03.411236157, 556829
4, 5, 17, 2022-10-13T23:38:06.023274435, 2022-10-13T23:47:13.830725151, 547807
4, 5, 18, 2022-10-13T23:47:16.352122729, 2022-10-13T23:56:49.414304571, 573062
4, 5, 19, 2022-10-13T23:56:51.845241369, 2022-10-14T00:06:07.815631167, 555970
4, 5, 20, 2022-10-14T00:06:10.254892075, 2022-10-14T00:15:51.959646723, 581704
5, 5, 1, 2022-10-14T00:15:54.481348449, 2022-10-14T00:27:25.011548536, 690530
5, 5, 2, 2022-10-14T00:27:27.975802419, 2022-10-14T00:39:09.277972622, 701302
5, 5, 3, 2022-10-14T00:39:12.085610178, 2022-10-14T00:50:49.175455901, 697089
5, 5, 4, 2022-10-14T00:50:51.911508785, 2022-10-14T01:02:15.366241021, 683454
5, 5, 5, 2022-10-14T01:02:18.568458822, 2022-10-14T01:14:18.364000581, 719795
5, 5, 6, 2022-10-14T01:14:21.255093506, 2022-10-14T01:25:28.254516377, 666999
5, 5, 7, 2022-10-14T01:25:30.648499355, 2022-10-14T01:37:17.427013574, 706778
5, 5, 8, 2022-10-14T01:37:20.319917312, 2022-10-14T01:48:34.510446197, 674190
5, 5, 9, 2022-10-14T01:48:37.142786909, 2022-10-14T01:59:57.940924681, 680798
5, 5, 10, 2022-10-14T02:00:00.881195072, 2022-10-14T02:10:59.144940494, 658263
5, 5, 11, 2022-10-14T02:11:01.821209705, 2022-10-14T02:22:29.454466846, 687633
5, 5, 12, 2022-10-14T02:22:32.108981335, 2022-10-14T02:33:34.366458194, 662257
5, 5, 13, 2022-10-14T02:33:37.299642532, 2022-10-14T02:45:02.958258961, 685658
5, 5, 14, 2022-10-14T02:45:05.658933697, 2022-10-14T02:56:24.188346840, 678529
5, 5, 15, 2022-10-14T02:56:26.855446625, 2022-10-14T03:06:48.360576570, 621505
5, 5, 16, 2022-10-14T03:06:51.597881190, 2022-10-14T03:17:37.563120196, 645965
5, 5, 17, 2022-10-14T03:17:40.157334871, 2022-10-14T03:28:55.138389527, 674981
5, 5, 18, 2022-10-14T03:28:58.566702468, 2022-10-14T03:39:46.146576779, 647579
5, 5, 19, 2022-10-14T03:39:48.731265332, 2022-10-14T03:50:39.457687558, 650726
5, 5, 20, 2022-10-14T03:50:41.854735417, 2022-10-14T04:01:10.995722387, 629140
5, 5, 21, 2022-10-14T04:01:13.502158738, 2022-10-14T04:12:03.612688247, 650110
5, 5, 22, 2022-10-14T04:12:06.181777875, 2022-10-14T04:22:43.121506855, 636939
5, 5, 23, 2022-10-14T04:22:45.734294823, 2022-10-14T04:33:30.444723634, 644710
5, 5, 24, 2022-10-14T04:33:33.273241930, 2022-10-14T04:44:06.264958877, 632991
5, 5, 25, 2022-10-14T04:44:08.948770854, 2022-10-14T04:53:57.343053936, 588394
6, 5, 1, 2022-10-14T04:54:01.387197469, 2022-10-14T05:06:10.290052362, 728902
6, 5, 2, 2022-10-14T05:06:14.106056152, 2022-10-14T05:18:26.603315490, 732497
6, 5, 3, 2022-10-14T05:18:29.753390714, 2022-10-14T05:31:11.603991670, 761850
6, 5, 4, 2022-10-14T05:31:14.470080055, 2022-10-14T05:44:27.589584205, 793119
6, 5, 5, 2022-10-14T05:44:30.662726425, 2022-10-14T05:56:37.908326339, 727245
6, 5, 6, 2022-10-14T05:56:41.367728490, 2022-10-14T06:09:35.699258724, 774331
6, 5, 7, 2022-10-14T06:09:39.378477594, 2022-10-14T06:22:28.879627056, 769501
6, 5, 8, 2022-10-14T06:22:32.398260854, 2022-10-14T06:35:11.592382471, 759194
6, 5, 9, 2022-10-14T06:35:15.485699954, 2022-10-14T06:48:09.756031976, 774270
6, 5, 10, 2022-10-14T06:48:13.800289981, 2022-10-14T07:00:51.968380874, 758168
6, 5, 11, 2022-10-14T07:00:54.695499525, 2022-10-14T07:13:39.700953704, 765005
6, 5, 12, 2022-10-14T07:13:43.083362541, 2022-10-14T07:26:17.881592020, 754798
6, 5, 13, 2022-10-14T07:26:20.953076971, 2022-10-14T07:38:43.527989381, 742574
6, 5, 14, 2022-10-14T07:38:46.490342602, 2022-10-14T07:51:26.767297699, 760276
6, 5, 15, 2022-10-14T07:51:29.498601679, 2022-10-14T08:04:08.044176663, 758545
6, 5, 16, 2022-10-14T08:04:11.982943016, 2022-10-14T08:17:05.852862424, 773869
6, 5, 17, 2022-10-14T08:17:09.029069269, 2022-10-14T08:29:34.319679608, 745290
6, 5, 18, 2022-10-14T08:29:38.546947919, 2022-10-14T08:42:08.671046167, 750124
6, 5, 19, 2022-10-14T08:42:11.986374341, 2022-10-14T08:53:46.415262930, 694428
6, 5, 20, 2022-10-14T08:53:51.173743078, 2022-10-14T09:05:47.028487868, 715854
6, 5, 21, 2022-10-14T09:05:50.545347373, 2022-10-14T09:17:52.186720983, 721641
6, 5, 22, 2022-10-14T09:17:55.637961802, 2022-10-14T09:29:45.212831808, 709574
6, 5, 23, 2022-10-14T09:29:48.151725019, 2022-10-14T09:40:52.278877125, 664127
6, 5, 24, 2022-10-14T09:40:55.847738757, 2022-10-14T09:53:10.438414223, 734590
6, 5, 25, 2022-10-14T09:53:14.774279052, 2022-10-14T10:04:48.336112639, 693561
6, 5, 26, 2022-10-14T10:04:51.780585214, 2022-10-14T10:17:05.338610168, 733558
6, 5, 27, 2022-10-14T10:17:09.034691867, 2022-10-14T10:28:56.370314313, 707335
6, 5, 28, 2022-10-14T10:28:59.686098983, 2022-10-14T10:41:32.663790211, 752977
6, 5, 29, 2022-10-14T10:41:36.739201113, 2022-10-14T10:54:04.653254571, 747914
6, 5, 30, 2022-10-14T10:54:07.659375912, 2022-10-14T11:06:25.006939713, 737347
7, 5, 1, 2022-10-14T11:06:28.087192039, 2022-10-14T11:20:33.668616897, 845581
7, 5, 2, 2022-10-14T11:20:39.463963067, 2022-10-14T11:34:17.937301985, 818473
7, 5, 3, 2022-10-14T11:34:21.495157720, 2022-10-14T11:48:17.286123054, 835790
7, 5, 4, 2022-10-14T11:48:21.811040648, 2022-10-14T12:01:52.039625023, 810228
7, 5, 5, 2022-10-14T12:01:58.330659947, 2022-10-14T12:15:40.369033071, 822038
7, 5, 6, 2022-10-14T12:15:43.379687246, 2022-10-14T12:29:44.226578346, 840846
7, 5, 7, 2022-10-14T12:29:48.057319575, 2022-10-14T12:43:18.008461254, 809951
7, 5, 8, 2022-10-14T12:43:21.881749588, 2022-10-14T12:57:04.195345215, 822313
7, 5, 9, 2022-10-14T12:57:07.440985621, 2022-10-14T13:10:26.011381513, 798570
7, 5, 10, 2022-10-14T13:10:29.850769177, 2022-10-14T13:24:01.816613878, 811965
7, 5, 11, 2022-10-14T13:24:05.202496015, 2022-10-14T13:37:12.782329544, 787579
7, 5, 12, 2022-10-14T13:37:16.352000865, 2022-10-14T13:50:45.232265763, 808880
7, 5, 13, 2022-10-14T13:50:48.385912061, 2022-10-14T14:03:56.472368820, 788086
7, 5, 14, 2022-10-14T14:04:01.622245763, 2022-10-14T14:17:45.713208201, 824090
7, 5, 15, 2022-10-14T14:17:48.780868597, 2022-10-14T14:30:53.959040444, 785178
7, 5, 16, 2022-10-14T14:30:59.112288810, 2022-10-14T14:43:34.288020886, 755175
7, 5, 17, 2022-10-14T14:43:38.337657529, 2022-10-14T14:56:09.512781271, 751175
7, 5, 18, 2022-10-14T14:56:13.300251655, 2022-10-14T15:09:48.021602493, 814721
7, 5, 19, 2022-10-14T15:09:51.329273986, 2022-10-14T15:22:51.655578493, 780326
7, 5, 20, 2022-10-14T15:22:55.042638610, 2022-10-14T15:35:54.954507694, 779911
7, 5, 21, 2022-10-14T15:35:59.479141744, 2022-10-14T15:48:56.173284164, 776694
7, 5, 22, 2022-10-14T15:48:59.567482365, 2022-10-14T16:01:46.413113537, 766845
7, 5, 23, 2022-10-14T16:01:49.790517325, 2022-10-14T16:14:46.096272024, 776305
7, 5, 24, 2022-10-14T16:14:51.896471135, 2022-10-14T16:28:13.671200392, 801774
7, 5, 25, 2022-10-14T16:28:17.495267775, 2022-10-14T16:41:45.706015850, 808210
7, 5, 26, 2022-10-14T16:41:48.540585313, 2022-10-14T16:55:24.580055728, 816039
7, 5, 27, 2022-10-14T16:55:29.419438249, 2022-10-14T17:08:35.624634121, 786205
7, 5, 28, 2022-10-14T17:08:40.546386918, 2022-10-14T17:21:37.167087585, 776620
7, 5, 29, 2022-10-14T17:21:40.380077514, 2022-10-14T17:34:14.187196666, 753807
7, 5, 30, 2022-10-14T17:34:18.164703129, 2022-10-14T17:47:01.690678653, 763525
7, 5, 31, 2022-10-14T17:47:05.422984102, 2022-10-14T18:00:07.563116543, 782140
7, 5, 32, 2022-10-14T18:00:12.624373600, 2022-10-14T18:13:08.632254131, 776007
7, 5, 33, 2022-10-14T18:13:12.521160108, 2022-10-14T18:26:19.680367019, 787159
7, 5, 34, 2022-10-14T18:26:23.156736408, 2022-10-14T18:40:12.366484357, 829209
7, 5, 35, 2022-10-14T18:40:15.812091348, 2022-10-14T18:54:23.142881645, 847330
8, 5, 1, 2022-10-14T18:54:30.559084541, 2022-10-14T19:09:41.953598832, 911394
8, 5, 2, 2022-10-14T19:09:46.104584316, 2022-10-14T19:25:17.108513082, 931003
8, 5, 3, 2022-10-14T19:25:24.785872705, 2022-10-14T19:40:27.708351020, 902922
8, 5, 4, 2022-10-14T19:40:37.066839450, 2022-10-14T19:56:35.473832675, 958406
8, 5, 5, 2022-10-14T19:56:44.055925774, 2022-10-14T20:12:38.178313497, 954122
8, 5, 6, 2022-10-14T20:12:50.750184492, 2022-10-14T20:28:07.372021400, 916621
8, 5, 7, 2022-10-14T20:28:12.660393051, 2022-10-14T20:43:36.543308481, 923882
8, 5, 8, 2022-10-14T20:43:43.300642503, 2022-10-14T21:00:27.440479086, 1004139
8, 5, 9, 2022-10-14T21:00:33.883516499, 2022-10-14T21:16:50.526877809, 976643
8, 5, 10, 2022-10-14T21:16:57.270449289, 2022-10-14T21:33:57.479245616, 1020208
8, 5, 11, 2022-10-14T21:34:01.685810663, 2022-10-14T21:49:56.795761593, 955109
8, 5, 12, 2022-10-14T21:50:01.787822785, 2022-10-14T22:06:58.472494956, 1016684
8, 5, 13, 2022-10-14T22:07:02.270577434, 2022-10-14T22:24:29.582928638, 1047312
8, 5, 14, 2022-10-14T22:24:43.120458900, 2022-10-14T22:41:45.614102249, 1022493
8, 5, 15, 2022-10-14T22:41:49.729910443, 2022-10-14T22:58:57.165702293, 1027435
8, 5, 16, 2022-10-14T22:59:04.129227437, 2022-10-14T23:16:24.145852344, 1040016
8, 5, 17, 2022-10-14T23:16:30.041733121, 2022-10-14T23:33:36.237972282, 1026196
8, 5, 18, 2022-10-14T23:33:43.501170758, 2022-10-14T23:50:49.410333860, 1025909
8, 5, 19, 2022-10-14T23:50:53.614037968, 2022-10-15T00:07:59.492258916, 1025878
8, 5, 20, 2022-10-15T00:08:03.785294759, 2022-10-15T00:25:13.455141703, 1029669
8, 5, 21, 2022-10-15T00:25:19.216144782, 2022-10-15T00:42:42.198499704, 1042982
8, 5, 22, 2022-10-15T00:42:46.517372945, 2022-10-15T00:59:55.720007039, 1029202
8, 5, 23, 2022-10-15T01:00:02.314853179, 2022-10-15T01:15:59.029506453, 956714
8, 5, 24, 2022-10-15T01:16:03.924441894, 2022-10-15T01:32:40.081952576, 996157
8, 5, 25, 2022-10-15T01:32:45.572068815, 2022-10-15T01:49:57.563199602, 1031991
8, 5, 26, 2022-10-15T01:50:05.773053956, 2022-10-15T02:07:10.514214124, 1024741
8, 5, 27, 2022-10-15T02:07:14.665644359, 2022-10-15T02:24:38.310227737, 1043644
8, 5, 28, 2022-10-15T02:24:44.605827609, 2022-10-15T02:41:30.089292645, 1005483
8, 5, 29, 2022-10-15T02:41:43.431414938, 2022-10-15T02:58:44.470779943, 1021039
8, 5, 30, 2022-10-15T02:58:51.172610983, 2022-10-15T03:15:15.414033113, 984241
8, 5, 31, 2022-10-15T03:15:19.072141704, 2022-10-15T03:32:35.642620785, 1036570
8, 5, 32, 2022-10-15T03:32:41.246037235, 2022-10-15T03:49:16.118053243, 994872
8, 5, 33, 2022-10-15T03:49:24.993839791, 2022-10-15T04:06:21.642305898, 1016648
8, 5, 34, 2022-10-15T04:06:38.918873477, 2022-10-15T04:23:57.391167380, 1038472
8, 5, 35, 2022-10-15T04:24:01.277898590, 2022-10-15T04:41:09.450019855, 1028172
8, 5, 36, 2022-10-15T04:41:14.416387773, 2022-10-15T04:57:30.278713285, 975862
8, 5, 37, 2022-10-15T04:57:34.933942296, 2022-10-15T05:14:20.150613365, 1005216
8, 5, 38, 2022-10-15T05:14:24.299665094, 2022-10-15T05:31:15.302428508, 1011002
8, 5, 39, 2022-10-15T05:31:19.673243466, 2022-10-15T05:47:39.010383251, 979337
8, 5, 40, 2022-10-15T05:47:43.531540466, 2022-10-15T06:05:10.577527983, 1047045
2, 6, 1, 2022-10-15T06:05:12.824325753, 2022-10-15T06:10:58.692706152, 345868
2, 6, 2, 2022-10-15T06:11:01.040934255, 2022-10-15T06:16:39.951145796, 338910
2, 6, 3, 2022-10-15T06:16:42.187364436, 2022-10-15T06:22:18.391279636, 336203
2, 6, 4, 2022-10-15T06:22:20.679878655, 2022-10-15T06:27:35.173089218, 314493
2, 6, 5, 2022-10-15T06:27:37.448147038, 2022-10-15T06:33:06.340309203, 328892
2, 6, 6, 2022-10-15T06:33:08.845135749, 2022-10-15T06:38:51.432723156, 342587
2, 6, 7, 2022-10-15T06:38:53.782682891, 2022-10-15T06:44:21.308009199, 327525
2, 6, 8, 2022-10-15T06:44:23.463453465, 2022-10-15T06:49:54.407800953, 330944
2, 6, 9, 2022-10-15T06:49:56.624045825, 2022-10-15T06:55:18.571292862, 321947
2, 6, 10, 2022-10-15T06:55:20.857309509, 2022-10-15T07:01:13.236828154, 352379
2, 6, 11, 2022-10-15T07:01:15.696824962, 2022-10-15T07:06:29.050792521, 313353
2, 6, 12, 2022-10-15T07:06:31.308197329, 2022-10-15T07:11:50.040391940, 318732
3, 6, 1, 2022-10-15T07:11:52.770277344, 2022-10-15T07:19:31.584346345, 458814
3, 6, 2, 2022-10-15T07:19:34.402448371, 2022-10-15T07:26:02.231093938, 387828
3, 6, 3, 2022-10-15T07:26:04.833104831, 2022-10-15T07:33:47.108718, 462275
3, 6, 4, 2022-10-15T07:33:49.708330444, 2022-10-15T07:40:40.657136316, 410948
3, 6, 5, 2022-10-15T07:40:43.356098338, 2022-10-15T07:47:52.822288474, 429466
3, 6, 6, 2022-10-15T07:47:55.518953499, 2022-10-15T07:55:13.568949856, 438049
3, 6, 7, 2022-10-15T07:55:16.433101452, 2022-10-15T08:02:33.548444208, 437115
3, 6, 8, 2022-10-15T08:02:36.311012925, 2022-10-15T08:09:41.438536931, 425127
3, 6, 9, 2022-10-15T08:09:44.065887034, 2022-10-15T08:17:07.743505043, 443677
3, 6, 10, 2022-10-15T08:17:10.368881630, 2022-10-15T08:23:41.583724698, 391214
3, 6, 11, 2022-10-15T08:23:44.293510428, 2022-10-15T08:30:06.140900537, 381847
3, 6, 12, 2022-10-15T08:30:08.619239254, 2022-10-15T08:37:29.022763185, 440403
3, 6, 13, 2022-10-15T08:37:31.858724632, 2022-10-15T08:44:36.630451192, 424771
3, 6, 14, 2022-10-15T08:44:39.043287007, 2022-10-15T08:51:49.087246469, 430043
3, 6, 15, 2022-10-15T08:51:51.840857063, 2022-10-15T08:58:48.581841625, 416740
3, 6, 16, 2022-10-15T08:58:51.211959689, 2022-10-15T09:05:58.224587453, 427012
3, 6, 17, 2022-10-15T09:06:00.970800564, 2022-10-15T09:13:31.525231324, 450554
3, 6, 18, 2022-10-15T09:13:33.986925585, 2022-10-15T09:20:43.621425924, 429634
4, 6, 1, 2022-10-15T09:20:46.441261460, 2022-10-15T09:29:15.304849987, 508863
4, 6, 2, 2022-10-15T09:29:18.885210848, 2022-10-15T09:37:44.230301889, 505345
4, 6, 3, 2022-10-15T09:37:46.994588934, 2022-10-15T09:46:46.234197402, 539239
4, 6, 4, 2022-10-15T09:46:48.807900904, 2022-10-15T09:55:38.712893320, 529904
4, 6, 5, 2022-10-15T09:55:43.111293342, 2022-10-15T10:04:29.229213324, 526117
4, 6, 6, 2022-10-15T10:04:31.981377405, 2022-10-15T10:13:10.419544784, 518438
4, 6, 7, 2022-10-15T10:13:13.459243233, 2022-10-15T10:22:03.821383888, 530362
4, 6, 8, 2022-10-15T10:22:06.719063473, 2022-10-15T10:30:46.582777686, 519863
4, 6, 9, 2022-10-15T10:30:49.469111655, 2022-10-15T10:40:02.996394350, 553527
4, 6, 10, 2022-10-15T10:40:06.010364303, 2022-10-15T10:48:32.005084766, 505994
4, 6, 11, 2022-10-15T10:48:35.917960079, 2022-10-15T10:57:18.942010940, 523024
4, 6, 12, 2022-10-15T10:57:23.820870277, 2022-10-15T11:05:27.042074279, 483221
4, 6, 13, 2022-10-15T11:05:31.728248076, 2022-10-15T11:13:47.137888093, 495409
4, 6, 14, 2022-10-15T11:13:49.910949509, 2022-10-15T11:22:33.191059319, 523280
4, 6, 15, 2022-10-15T11:22:36.484459676, 2022-10-15T11:30:39.799513069, 483315
4, 6, 16, 2022-10-15T11:30:43.053537762, 2022-10-15T11:39:22.350666766, 519297
4, 6, 17, 2022-10-15T11:39:25.471423052, 2022-10-15T11:48:09.490849341, 524019
4, 6, 18, 2022-10-15T11:48:12.418480046, 2022-10-15T11:56:45.314426771, 512895
4, 6, 19, 2022-10-15T11:56:49.226396668, 2022-10-15T12:05:17.910740384, 508684
4, 6, 20, 2022-10-15T12:05:21.393592018, 2022-10-15T12:13:50.467071214, 509073
4, 6, 21, 2022-10-15T12:13:53.879234157, 2022-10-15T12:22:22.887108023, 509007
4, 6, 22, 2022-10-15T12:22:26.459442747, 2022-10-15T12:30:21.355860785, 474896
4, 6, 23, 2022-10-15T12:30:24.472146225, 2022-10-15T12:38:43.641565889, 499169
4, 6, 24, 2022-10-15T12:38:47.056109535, 2022-10-15T12:46:38.401524767, 471345
5, 6, 1, 2022-10-15T12:46:45.906832824, 2022-10-15T12:56:22.296561254, 576389
5, 6, 2, 2022-10-15T12:56:30.345698190, 2022-10-15T13:05:55.044659638, 564698
5, 6, 3, 2022-10-15T13:06:03.769052901, 2022-10-15T13:15:19.223785762, 555454
5, 6, 4, 2022-10-15T13:15:23.805090152, 2022-10-15T13:23:55.790846036, 511985
5, 6, 5, 2022-10-15T13:23:58.802577043, 2022-10-15T13:33:33.087547303, 574284
5, 6, 6, 2022-10-15T13:33:37.686885409, 2022-10-15T13:43:07.546011823, 569859
5, 6, 7, 2022-10-15T13:43:11.974834654, 2022-10-15T13:52:37.018320336, 565043
5, 6, 8, 2022-10-15T13:52:41.930725427, 2022-10-15T14:02:29.826881113, 587896
5, 6, 9, 2022-10-15T14:02:33.460926903, 2022-10-15T14:11:57.329714456, 563868
5, 6, 10, 2022-10-15T14:12:11.376370347, 2022-10-15T14:21:26.708359556, 555331
5, 6, 11, 2022-10-15T14:21:30.500638663, 2022-10-15T14:30:14.829406954, 524328
5, 6, 12, 2022-10-15T14:30:20.357813576, 2022-10-15T14:39:39.465568175, 559107
5, 6, 13, 2022-10-15T14:39:44.418345127, 2022-10-15T14:48:30.421710396, 526003
5, 6, 14, 2022-10-15T14:48:34.671188344, 2022-10-15T14:58:11.898268888, 577227
5, 6, 15, 2022-10-15T14:58:17.176766369, 2022-10-15T15:07:40.404765866, 563227
5, 6, 16, 2022-10-15T15:07:50.320161694, 2022-10-15T15:16:51.329082382, 541008
5, 6, 17, 2022-10-15T15:16:59.541937123, 2022-10-15T15:25:42.623799832, 523081
5, 6, 18, 2022-10-15T15:25:47.863641700, 2022-10-15T15:35:09.708473729, 561844
5, 6, 19, 2022-10-15T15:35:14.220960928, 2022-10-15T15:44:22.926817346, 548705
5, 6, 20, 2022-10-15T15:44:27.821494191, 2022-10-15T15:53:34.844454299, 547022
5, 6, 21, 2022-10-15T15:53:42.671140347, 2022-10-15T16:03:05.747075606, 563075
5, 6, 22, 2022-10-15T16:03:22.426262986, 2022-10-15T16:11:57.695262145, 515268
5, 6, 23, 2022-10-15T16:12:01.246488840, 2022-10-15T16:21:02.885849838, 541639
5, 6, 24, 2022-10-15T16:21:07.355750263, 2022-10-15T16:30:17.882719309, 550526
5, 6, 25, 2022-10-15T16:30:26.487535767, 2022-10-15T16:39:27.013565031, 540526
5, 6, 26, 2022-10-15T16:39:30.451040564, 2022-10-15T16:48:11.334622735, 520883
5, 6, 27, 2022-10-15T16:48:17.031151577, 2022-10-15T16:57:28.832414471, 551801
5, 6, 28, 2022-10-15T16:57:33.295414051, 2022-10-15T17:06:52.453608350, 559158
5, 6, 29, 2022-10-15T17:06:56.335948697, 2022-10-15T17:15:37.915859888, 521579
5, 6, 30, 2022-10-15T17:15:41.963587497, 2022-10-15T17:24:50.228381532, 548264
6, 6, 1, 2022-10-15T17:24:56.784764730, 2022-10-15T17:35:43.200199007, 646415
6, 6, 2, 2022-10-15T17:35:54.042641734, 2022-10-15T17:46:33.369945473, 639327
6, 6, 3, 2022-10-15T17:46:40.858660135, 2022-10-15T17:57:13.945039678, 633086
6, 6, 4, 2022-10-15T17:57:42.255227414, 2022-10-15T18:08:04.944307055, 622689
6, 6, 5, 2022-10-15T18:08:11.319913673, 2022-10-15T18:18:28.871188495, 617551
6, 6, 6, 2022-10-15T18:18:41.469771678, 2022-10-15T18:29:03.531785411, 622062
6, 6, 7, 2022-10-15T18:29:19.884370013, 2022-10-15T18:40:03.431459462, 643547
6, 6, 8, 2022-10-15T18:40:12.127793786, 2022-10-15T18:50:51.592533628, 639464
6, 6, 9, 2022-10-15T18:51:00.624219561, 2022-10-15T19:01:47.772953821, 647148
6, 6, 10, 2022-10-15T19:02:00.254591251, 2022-10-15T19:12:54.889706097, 654635
6, 6, 11, 2022-10-15T19:13:10.878914304, 2022-10-15T19:24:13.866106860, 662987
6, 6, 12, 2022-10-15T19:24:24.338617402, 2022-10-15T19:35:11.819000270, 647480
6, 6, 13, 2022-10-15T19:35:43.856474657, 2022-10-15T19:46:41.934137641, 658077
6, 6, 14, 2022-10-15T19:46:53.070048890, 2022-10-15T19:58:16.936233187, 683866
6, 6, 15, 2022-10-15T19:58:23.990533221, 2022-10-15T20:08:34.424032796, 610433
6, 6, 16, 2022-10-15T20:08:38.569591391, 2022-10-15T20:20:06.379997574, 687810
6, 6, 17, 2022-10-15T20:20:31.987472244, 2022-10-15T20:30:50.021798773, 618034
6, 6, 18, 2022-10-15T20:31:04.087802899, 2022-10-15T20:41:49.199000923, 645111
6, 6, 19, 2022-10-15T20:42:00.335652411, 2022-10-15T20:53:01.068727860, 660733
6, 6, 20, 2022-10-15T20:53:07.090697213, 2022-10-15T21:04:23.650348252, 676559
6, 6, 21, 2022-10-15T21:04:30.204340131, 2022-10-15T21:15:44.548657027, 674344
6, 6, 22, 2022-10-15T21:15:52.375280944, 2022-10-15T21:26:30.037350203, 637662
6, 6, 23, 2022-10-15T21:26:57.622270908, 2022-10-15T21:38:23.388835922, 685766
6, 6, 24, 2022-10-15T21:39:38.164327319, 2022-10-15T21:50:56.553797796, 678389
6, 6, 25, 2022-10-15T21:51:04.627706188, 2022-10-15T22:02:00.366059946, 655738
6, 6, 26, 2022-10-15T22:02:08.279379021, 2022-10-15T22:14:06.755711782, 718476
6, 6, 27, 2022-10-15T22:14:12.593271162, 2022-10-15T22:25:55.025573232, 702432
6, 6, 28, 2022-10-15T22:26:16.184779764, 2022-10-15T22:38:12.810477840, 716625
6, 6, 29, 2022-10-17T09:31:39.028965690, 2022-10-17T09:50:25.190504896, 1126161
